iter	Logloss
0	0.3802949089
1	0.3460434974
